CustomerID,Gender,Age,AnnualIncome_k$,SpendingScore,VisitFrequency_perMonth,TimeSpent_perVisit_min,MembershipLevel
1,Male,64,67,78,8,93,Gold
2,Female,29,92,79,9,61,Silver
3,Male,33,55,43,1,40,Bronze
4,Male,41,82,97,7,154,Gold
5,Male,36,22,31,9,119,Bronze
6,Female,25,16,99,12,102,Bronze
7,Male,48,119,17,10,173,Platinum
8,Male,38,139,92,5,163,Gold
9,Male,34,124,83,12,62,Platinum
10,Female,40,100,54,2,154,Gold
11,Male,54,134,62,10,95,Bronze
12,Male,33,141,87,6,162,Platinum
13,Male,23,30,32,12,11,Bronze
14,Male,25,76,40,12,95,Gold
15,Female,42,127,13,7,142,Silver
16,Male,35,26,84,2,13,Platinum
17,Female,42,49,35,2,173,Platinum
18,Female,29,25,5,10,15,Bronze
19,Female,32,78,73,14,158,Bronze
20,Male,43,64,29,12,127,Silver
21,Female,58,83,70,10,98,Platinum
22,Male,62,62,25,1,163,Gold
23,Female,43,34,95,4,176,Gold
24,Female,64,115,22,7,170,Platinum
25,Female,49,82,66,14,23,Platinum
26,Female,27,49,45,9,65,Platinum
27,Female,33,79,69,3,90,Silver
28,Female,24,22,91,12,158,Gold
29,Female,34,59,89,11,55,Gold
30,Female,40,101,72,7,153,Bronze
31,Male,43,90,1,7,25,Bronze
32,Male,38,90,84,7,129,Platinum
33,Female,39,61,44,2,93,Bronze
34,Female,24,29,87,6,166,Silver
35,Female,31,119,96,2,17,Gold
36,Male,32,40,75,6,97,Gold
37,Female,24,66,39,13,140,Bronze
38,Male,26,107,54,10,28,Platinum
39,Male,68,35,88,3,106,Bronze
40,Male,65,65,75,14,75,Platinum
41,Male,25,52,29,2,88,Silver
42,Male,67,34,54,12,95,Gold
43,Female,40,146,90,14,133,Silver
44,Female,46,69,16,6,159,Gold
45,Female,35,106,99,2,55,Silver
46,Female,48,42,20,5,122,Bronze
47,Female,47,18,46,2,100,Silver
48,Male,69,90,67,3,150,Silver
49,Female,56,81,65,3,42,Bronze
50,Female,52,100,58,6,142,Gold
51,Male,35,105,53,6,86,Gold
52,Female,59,119,1,10,164,Bronze
53,Male,56,15,81,3,130,Silver
54,Female,34,86,66,3,137,Silver
55,Male,31,101,29,13,87,Silver
56,Female,48,20,84,12,161,Platinum
57,Female,41,75,70,13,76,Gold
58,Male,52,26,8,1,124,Silver
59,Male,61,20,29,7,72,Gold
60,Male,62,41,51,13,122,Silver
61,Male,51,138,33,8,103,Bronze
62,Male,20,120,3,2,57,Bronze
63,Male,54,107,60,4,21,Gold
64,Male,60,123,35,10,165,Gold
65,Male,57,113,69,7,154,Bronze
66,Female,43,49,91,8,49,Platinum
67,Female,40,98,76,1,94,Bronze
68,Male,61,70,84,4,66,Silver
69,Female,56,63,20,6,96,Platinum
70,Female,32,60,73,3,93,Bronze
71,Female,66,127,39,5,130,Platinum
72,Female,21,57,4,10,83,Platinum
73,Male,46,138,19,9,116,Platinum
74,Female,39,111,91,11,133,Gold
75,Male,42,104,45,13,109,Bronze
76,Female,30,53,43,3,52,Gold
77,Female,35,99,13,5,128,Gold
78,Female,50,76,13,8,32,Silver
79,Male,33,120,60,6,164,Silver
80,Female,62,121,57,4,46,Platinum
81,Male,59,68,86,8,143,Platinum
82,Female,61,140,92,11,74,Silver
83,Male,19,23,52,3,143,Silver
84,Female,52,102,53,3,31,Bronze
85,Male,59,51,86,4,114,Platinum
86,Male,51,63,43,9,97,Platinum
87,Female,47,55,83,5,162,Silver
88,Male,30,31,72,8,134,Bronze
89,Female,30,102,72,6,88,Silver
90,Female,35,35,42,3,99,Silver
91,Female,49,65,90,8,60,Gold
92,Female,49,73,26,12,111,Platinum
93,Female,52,55,23,9,115,Bronze
94,Female,56,53,43,8,69,Gold
95,Female,63,25,77,13,55,Platinum
96,Female,69,91,28,4,45,Silver
97,Female,46,141,9,14,175,Bronze
98,Female,66,60,20,14,20,Platinum
99,Female,46,59,56,13,21,Silver
100,Male,61,15,83,11,179,Gold
101,Male,33,122,39,6,48,Bronze
102,Female,61,33,51,1,148,Platinum
103,Female,64,90,12,4,45,Gold
104,Female,27,86,79,8,61,Silver
105,Female,47,123,95,1,40,Silver
106,Female,42,26,55,3,42,Platinum
107,Female,56,59,78,1,150,Silver
108,Female,37,104,11,9,155,Bronze
109,Female,22,117,26,2,178,Platinum
110,Male,18,22,42,9,67,Gold
111,Female,47,105,27,13,161,Platinum
112,Male,66,101,11,4,137,Platinum
113,Female,20,98,38,2,40,Gold
114,Female,62,96,98,4,64,Silver
115,Male,31,82,43,12,19,Gold
116,Female,47,141,19,11,139,Bronze
117,Male,67,96,64,11,24,Silver
118,Female,21,98,6,10,12,Platinum
119,Female,35,127,46,6,52,Silver
120,Male,54,90,42,11,168,Silver
121,Female,42,136,92,7,76,Bronze
122,Male,65,55,65,3,65,Silver
123,Female,18,16,99,3,72,Silver
124,Male,63,43,72,12,24,Silver
125,Male,32,119,59,10,118,Platinum
126,Female,26,65,52,12,125,Silver
127,Female,32,89,47,8,101,Gold
128,Male,66,24,7,5,147,Silver
129,Female,41,65,11,4,175,Bronze
130,Female,21,132,61,7,56,Silver
131,Female,29,135,68,7,66,Silver
132,Male,54,53,25,13,59,Platinum
133,Male,54,42,12,9,80,Gold
134,Male,60,17,26,9,152,Silver
135,Male,23,98,12,5,155,Gold
136,Male,56,131,43,13,91,Bronze
137,Male,63,16,51,12,125,Platinum
138,Male,41,107,37,13,114,Gold
139,Male,28,145,46,8,97,Platinum
140,Male,30,108,53,10,11,Silver
141,Female,51,54,88,1,113,Bronze
142,Male,42,16,80,9,93,Platinum
143,Female,24,95,13,8,52,Silver
144,Female,69,26,89,6,163,Gold
145,Female,21,79,54,13,80,Bronze
146,Male,25,69,57,3,175,Bronze
147,Male,37,59,4,3,103,Gold
148,Male,46,115,75,8,51,Gold
149,Male,68,76,96,5,142,Bronze
150,Female,62,63,49,10,148,Platinum
151,Male,63,141,7,11,74,Bronze
152,Male,27,37,11,14,43,Gold
153,Male,60,52,92,7,129,Platinum
154,Male,51,42,54,5,10,Silver
155,Male,43,35,87,8,139,Bronze
156,Female,58,121,45,10,157,Gold
157,Male,66,113,23,10,70,Silver
158,Female,20,133,28,4,158,Bronze
159,Male,23,87,57,2,97,Bronze
160,Female,22,136,26,3,77,Platinum
161,Male,22,44,25,8,136,Gold
162,Male,64,122,54,11,149,Silver
163,Female,40,112,29,13,31,Bronze
164,Female,66,46,83,7,157,Platinum
165,Female,26,93,97,13,91,Silver
166,Male,52,55,36,2,138,Silver
167,Female,37,77,14,6,39,Bronze
168,Male,66,37,78,9,135,Silver
169,Male,59,118,35,4,106,Bronze
170,Female,52,89,30,9,33,Platinum
171,Female,67,62,92,2,23,Platinum
172,Male,35,71,17,2,45,Silver
173,Male,34,132,67,9,33,Bronze
174,Female,41,114,80,12,104,Gold
175,Female,20,138,30,7,64,Platinum
176,Female,49,48,93,7,33,Bronze
177,Male,52,21,45,1,161,Bronze
178,Male,55,70,79,13,35,Bronze
179,Male,30,79,89,11,89,Silver
180,Male,64,61,51,6,175,Gold
181,Male,42,33,47,13,74,Silver
182,Male,26,140,53,7,84,Platinum
183,Female,21,63,64,11,172,Silver
184,Male,31,127,38,14,52,Bronze
185,Male,54,52,64,6,38,Silver
186,Male,51,78,87,6,174,Bronze
187,Female,28,83,89,2,90,Gold
188,Male,58,130,7,6,63,Silver
189,Male,20,79,22,4,48,Silver
190,Female,45,45,81,9,51,Silver
191,Male,46,146,82,12,165,Bronze
192,Male,26,127,41,1,38,Bronze
193,Male,20,123,74,13,140,Silver
194,Male,42,83,10,8,147,Silver
195,Male,51,134,57,5,151,Gold
196,Female,29,102,7,1,51,Gold
197,Female,59,81,50,4,103,Platinum
198,Female,26,89,91,1,169,Gold
199,Male,32,59,52,6,41,Gold
200,Male,57,18,33,2,179,Gold
201,Male,42,121,1,5,169,Bronze
202,Female,22,65,53,7,35,Gold
203,Male,28,64,60,2,124,Gold
204,Male,51,20,34,6,138,Silver
205,Female,41,73,4,6,65,Bronze
206,Male,32,139,17,5,131,Platinum
207,Female,55,44,4,5,115,Platinum
208,Female,25,136,43,14,139,Gold
209,Female,22,139,90,3,90,Platinum
210,Male,65,51,4,10,167,Platinum
211,Male,43,138,1,10,129,Platinum
212,Male,35,115,71,11,61,Gold
213,Male,23,49,94,12,100,Platinum
214,Male,54,101,50,2,146,Gold
215,Male,65,148,73,7,31,Silver
216,Male,30,32,61,1,43,Silver
217,Female,45,127,35,6,119,Platinum
218,Male,22,43,8,6,58,Silver
219,Female,30,91,24,3,138,Gold
220,Male,34,73,83,2,82,Silver
221,Male,67,140,36,12,93,Platinum
222,Male,57,123,50,2,62,Gold
223,Female,62,36,43,14,109,Bronze
224,Female,49,82,27,13,133,Gold
225,Female,46,83,32,9,177,Silver
226,Female,68,63,78,11,54,Bronze
227,Male,20,123,18,5,146,Gold
228,Female,57,100,28,7,114,Bronze
229,Male,51,67,29,12,159,Bronze
230,Male,57,137,16,5,155,Bronze
231,Female,44,101,99,7,115,Gold
232,Female,30,145,47,13,52,Silver
233,Female,62,56,59,4,176,Gold
234,Female,50,112,31,8,143,Silver
235,Female,23,123,4,13,57,Gold
236,Female,41,65,37,11,135,Gold
237,Female,36,99,17,14,16,Gold
238,Female,33,141,39,10,25,Silver
239,Male,57,35,48,13,138,Gold
240,Female,45,58,46,11,124,Bronze
241,Female,50,117,90,10,46,Gold
242,Male,65,82,48,7,174,Bronze
243,Female,58,143,39,10,134,Platinum
244,Male,30,106,4,5,90,Platinum
245,Male,60,38,30,11,71,Silver
246,Female,62,139,30,6,81,Silver
247,Male,42,125,22,5,134,Platinum
248,Male,59,112,75,7,170,Gold
249,Male,53,31,66,12,75,Gold
250,Male,44,113,12,2,39,Gold
251,Female,55,96,94,5,29,Platinum
252,Male,24,118,36,10,91,Bronze
253,Female,22,33,18,3,116,Silver
254,Male,60,99,90,9,161,Bronze
255,Male,62,22,53,13,141,Platinum
256,Male,68,42,71,6,46,Bronze
257,Male,48,19,1,13,141,Gold
258,Female,40,115,58,10,86,Gold
259,Female,59,132,90,3,98,Bronze
260,Male,27,78,87,7,155,Platinum
261,Male,49,105,90,4,97,Bronze
262,Female,60,131,6,14,42,Gold
263,Male,47,112,70,3,67,Gold
264,Male,56,25,44,8,37,Platinum
265,Male,48,68,72,13,44,Bronze
266,Female,35,61,24,4,134,Gold
267,Female,53,19,86,11,147,Gold
268,Female,19,34,19,1,74,Bronze
269,Male,31,60,18,6,51,Bronze
270,Male,30,26,95,10,94,Silver
271,Female,46,84,30,11,146,Platinum
272,Female,29,31,42,11,120,Platinum
273,Female,56,129,33,1,24,Bronze
274,Female,19,62,74,5,78,Platinum
275,Male,49,122,12,7,114,Gold
276,Female,30,66,94,6,159,Bronze
277,Male,63,110,27,14,73,Bronze
278,Female,44,84,39,2,50,Bronze
279,Male,66,116,9,11,80,Silver
280,Female,58,89,21,4,65,Platinum
281,Female,34,96,76,11,160,Silver
282,Female,57,106,29,2,34,Gold
283,Female,48,18,33,11,114,Platinum
284,Male,51,149,62,1,143,Silver
285,Female,41,123,15,3,128,Bronze
286,Male,62,62,2,3,171,Silver
287,Male,52,87,52,12,18,Bronze
288,Male,65,86,44,7,69,Silver
289,Male,23,130,54,1,134,Silver
290,Female,36,95,18,9,58,Silver
291,Male,47,95,3,11,60,Bronze
292,Male,24,127,7,6,79,Silver
293,Male,27,110,43,4,46,Platinum
294,Female,58,86,82,3,40,Platinum
295,Female,49,77,38,3,178,Platinum
296,Female,51,52,37,2,71,Bronze
297,Female,45,81,58,2,102,Bronze
298,Male,32,83,33,14,23,Platinum
299,Male,47,27,59,12,173,Platinum
300,Female,54,45,95,13,173,Platinum
301,Male,46,128,11,10,88,Gold
302,Male,39,36,68,5,17,Platinum
303,Male,21,107,82,9,163,Silver
304,Female,37,81,68,2,45,Gold
305,Female,49,68,98,2,57,Gold
306,Male,53,56,93,12,94,Bronze
307,Female,67,78,88,6,37,Silver
308,Female,21,140,22,13,60,Bronze
309,Female,44,35,66,10,113,Bronze
310,Female,34,49,44,2,179,Silver
311,Female,29,44,6,12,110,Bronze
312,Male,39,71,42,4,38,Silver
313,Female,34,61,25,6,136,Silver
314,Male,27,33,57,5,91,Bronze
315,Male,18,128,85,1,19,Platinum
316,Female,39,22,55,6,115,Bronze
317,Male,43,40,16,1,176,Gold
318,Male,35,127,95,3,10,Bronze
319,Male,67,85,14,10,48,Silver
320,Female,31,44,39,5,30,Gold
321,Female,64,149,28,14,74,Silver
322,Male,46,81,96,10,24,Platinum
323,Female,29,79,92,13,141,Platinum
324,Female,53,50,51,5,70,Gold
325,Female,52,39,49,13,157,Platinum
326,Female,69,51,9,10,147,Platinum
327,Male,29,15,58,6,96,Bronze
328,Male,24,51,45,12,114,Bronze
329,Female,46,147,22,10,43,Platinum
330,Female,28,142,32,8,133,Platinum
331,Male,50,141,69,5,119,Bronze
332,Male,23,15,87,14,42,Platinum
333,Female,64,49,69,11,107,Platinum
334,Male,32,118,42,1,70,Silver
335,Female,49,37,53,5,19,Platinum
336,Female,68,23,96,3,93,Gold
337,Male,28,48,59,4,74,Silver
338,Male,40,142,74,13,86,Gold
339,Female,43,18,39,8,10,Platinum
340,Female,51,116,15,7,142,Bronze
341,Male,63,89,71,11,89,Silver
342,Female,51,113,29,5,24,Bronze
343,Male,46,86,3,2,37,Silver
344,Female,21,17,83,6,32,Bronze
345,Male,34,48,10,11,118,Silver
346,Male,52,59,92,6,116,Silver
347,Male,30,75,29,10,154,Gold
348,Female,58,97,79,10,122,Bronze
349,Female,56,137,35,14,107,Gold
350,Male,32,116,6,11,150,Gold
351,Female,46,30,12,6,151,Bronze
352,Male,46,80,38,14,148,Silver
353,Male,28,133,77,9,37,Gold
354,Female,69,138,93,11,51,Bronze
355,Female,49,116,19,8,108,Silver
356,Male,19,80,67,8,70,Gold
357,Female,64,27,8,1,132,Gold
358,Female,31,125,8,5,73,Gold
359,Male,37,48,84,7,40,Silver
360,Male,39,53,47,6,90,Gold
361,Female,28,134,4,5,19,Silver
362,Male,44,140,51,8,17,Platinum
363,Male,20,69,85,3,158,Gold
364,Female,34,41,67,6,68,Platinum
365,Male,61,132,45,5,39,Bronze
366,Male,45,67,8,8,154,Gold
367,Female,46,53,87,4,29,Bronze
368,Female,38,79,16,8,57,Bronze
369,Male,64,27,77,10,139,Bronze
370,Male,33,35,67,14,46,Platinum
371,Female,54,67,9,2,138,Silver
372,Female,37,33,60,9,141,Platinum
373,Female,23,71,78,13,109,Platinum
374,Female,36,39,77,9,63,Bronze
375,Male,22,45,71,14,131,Gold
376,Female,20,95,15,10,34,Silver
377,Female,18,37,71,10,140,Bronze
378,Male,55,46,98,13,18,Silver
379,Female,32,88,41,6,43,Platinum
380,Male,51,24,22,4,52,Silver
381,Female,52,68,24,4,83,Silver
382,Female,66,66,44,13,103,Gold
383,Female,42,128,1,6,31,Bronze
384,Male,41,28,10,5,79,Silver
385,Male,29,124,80,6,139,Silver
386,Female,35,67,72,7,103,Platinum
387,Male,32,93,56,7,41,Platinum
388,Male,61,36,89,9,115,Silver
389,Male,33,44,50,8,153,Bronze
390,Male,44,18,12,13,10,Silver
391,Male,25,73,89,6,81,Silver
392,Male,63,22,81,12,59,Gold
393,Female,42,26,60,6,150,Bronze
394,Female,34,133,26,14,24,Gold
395,Male,46,48,78,5,62,Bronze
396,Female,25,96,41,1,17,Bronze
397,Female,32,112,36,9,83,Bronze
398,Female,44,141,23,9,55,Gold
399,Female,63,89,43,9,78,Gold
400,Male,67,119,6,11,123,Gold
401,Female,69,63,69,8,156,Platinum
402,Female,24,93,43,13,175,Gold
403,Male,20,107,25,10,132,Platinum
404,Male,46,32,18,13,148,Platinum
405,Female,61,110,62,3,126,Platinum
406,Female,41,52,13,1,52,Silver
407,Female,20,101,43,11,29,Silver
408,Female,37,102,78,12,157,Silver
409,Female,63,64,28,12,30,Platinum
410,Female,32,22,18,8,91,Platinum
411,Male,42,148,59,7,66,Bronze
412,Female,47,83,60,13,83,Platinum
413,Female,31,135,63,5,107,Silver
414,Male,24,78,57,10,163,Platinum
415,Male,34,135,92,7,167,Platinum
416,Male,61,79,51,10,119,Bronze
417,Male,37,121,56,4,124,Platinum
418,Female,53,114,27,9,168,Gold
419,Female,26,96,32,11,51,Bronze
420,Female,55,65,9,10,77,Platinum
421,Female,65,97,96,14,79,Platinum
422,Female,39,126,84,2,87,Bronze
423,Female,19,70,92,9,99,Platinum
424,Male,41,74,97,9,120,Silver
425,Female,25,134,68,5,121,Gold
426,Male,28,37,46,11,112,Gold
427,Male,30,27,98,1,154,Silver
428,Female,34,115,67,7,28,Platinum
429,Male,25,38,26,10,79,Platinum
430,Female,38,122,8,10,72,Gold
431,Male,35,25,6,4,84,Platinum
432,Female,47,31,80,9,167,Gold
433,Male,35,39,24,6,162,Gold
434,Female,63,108,48,13,113,Silver
435,Female,64,35,94,3,84,Gold
436,Female,48,98,45,6,137,Platinum
437,Female,55,51,13,13,163,Platinum
438,Female,49,56,69,10,65,Bronze
439,Male,28,115,25,6,31,Platinum
440,Male,62,62,20,5,98,Bronze
441,Male,42,117,82,2,28,Gold
442,Female,50,42,82,10,168,Platinum
443,Male,55,55,66,10,35,Silver
444,Female,58,113,74,2,179,Silver
445,Female,25,61,45,7,178,Silver
446,Male,28,119,47,2,32,Gold
447,Male,39,138,63,12,56,Gold
448,Female,68,27,76,6,22,Bronze
449,Male,41,114,77,5,75,Silver
450,Female,58,45,55,4,153,Bronze
451,Female,34,144,75,7,82,Bronze
452,Female,29,30,19,8,165,Platinum
453,Female,63,87,35,4,86,Platinum
454,Female,49,68,53,1,172,Silver
455,Male,32,114,26,1,178,Gold
456,Male,33,123,14,1,40,Platinum
457,Female,39,101,45,11,94,Gold
458,Female,45,22,44,1,169,Bronze
459,Male,37,21,88,5,68,Bronze
460,Male,50,50,65,4,50,Bronze
461,Female,27,32,51,13,121,Bronze
462,Male,57,17,43,14,105,Silver
463,Female,49,42,86,9,177,Bronze
464,Male,67,84,23,3,131,Platinum
465,Female,50,42,56,14,165,Bronze
466,Male,19,68,19,7,174,Gold
467,Female,50,79,82,11,114,Platinum
468,Male,50,114,76,8,83,Gold
469,Male,58,35,55,6,141,Gold
470,Female,30,27,92,12,108,Silver
471,Male,47,71,92,13,135,Silver
472,Female,50,63,60,10,147,Gold
473,Male,30,132,59,13,84,Gold
474,Female,69,68,33,1,23,Bronze
475,Male,43,67,19,8,47,Platinum
476,Female,39,58,28,10,149,Bronze
477,Male,56,61,52,3,54,Silver
478,Female,19,67,49,8,154,Silver
479,Male,55,88,37,12,172,Bronze
480,Female,56,60,26,4,84,Platinum
481,Female,43,27,99,8,178,Gold
482,Female,63,116,98,11,38,Bronze
483,Male,67,38,99,1,27,Silver
484,Female,32,16,40,3,29,Platinum
485,Male,51,95,80,6,23,Silver
486,Female,59,114,38,9,171,Platinum
487,Male,61,145,77,2,63,Platinum
488,Female,66,125,87,11,40,Platinum
489,Male,57,116,54,1,67,Bronze
490,Male,28,31,22,10,113,Bronze
491,Female,20,26,16,3,179,Bronze
492,Male,23,130,28,4,137,Platinum
493,Male,26,38,35,11,167,Platinum
494,Female,23,43,60,5,34,Silver
495,Male,26,136,45,3,28,Gold
496,Male,56,104,46,13,145,Bronze
497,Male,48,79,72,10,12,Platinum
498,Female,49,98,55,11,95,Silver
499,Male,58,133,86,2,154,Silver
500,Female,67,30,85,2,151,Silver
501,Male,29,118,26,7,18,Bronze
502,Male,25,106,85,9,103,Bronze
503,Male,25,41,25,10,158,Gold
504,Female,67,148,65,2,174,Silver
505,Male,45,149,6,7,148,Bronze
506,Male,37,47,23,7,29,Silver
507,Female,64,69,64,11,44,Platinum
508,Male,24,21,87,7,62,Silver
509,Female,28,71,43,3,119,Gold
510,Female,37,140,23,12,145,Bronze
511,Male,33,26,96,7,13,Platinum
512,Female,21,30,30,1,164,Bronze
513,Male,23,57,77,10,177,Platinum
514,Female,39,131,18,1,111,Silver
515,Female,43,149,87,5,56,Silver
516,Male,20,125,79,2,103,Gold
517,Female,58,65,97,9,57,Gold
518,Female,59,89,21,7,100,Platinum
519,Female,31,22,57,4,93,Gold
520,Female,28,59,23,4,77,Gold
521,Female,35,73,91,2,148,Gold
522,Male,29,146,45,5,134,Gold
523,Female,40,118,44,4,82,Silver
524,Male,29,112,82,12,13,Gold
525,Female,30,93,88,13,85,Silver
526,Male,42,138,47,1,82,Silver
527,Male,62,18,40,12,86,Bronze
528,Female,68,104,51,8,57,Silver
529,Female,36,118,42,3,163,Silver
530,Female,63,133,7,14,111,Gold
531,Male,53,147,50,6,115,Silver
532,Female,62,70,48,4,86,Platinum
533,Male,25,110,84,9,48,Gold
534,Male,46,89,91,7,67,Gold
535,Male,49,46,6,9,28,Gold
536,Female,68,42,91,10,97,Bronze
537,Female,61,36,9,3,122,Gold
538,Male,35,31,57,1,86,Silver
539,Male,23,73,31,5,86,Platinum
540,Female,35,104,21,3,37,Gold
541,Male,36,120,90,6,75,Gold
542,Female,39,40,40,8,19,Platinum
543,Male,54,39,45,11,135,Gold
544,Female,49,59,77,13,67,Bronze
545,Male,58,97,49,4,151,Silver
546,Female,20,25,87,5,134,Platinum
547,Male,45,118,20,5,121,Platinum
548,Female,27,82,92,4,93,Bronze
549,Female,68,109,17,4,152,Silver
550,Male,52,79,28,4,105,Bronze
551,Male,46,63,41,4,42,Silver
552,Female,32,66,66,4,154,Bronze
553,Male,50,116,25,5,161,Gold
554,Female,24,71,58,2,167,Bronze
555,Male,29,61,41,2,150,Platinum
556,Female,66,40,6,9,56,Platinum
557,Female,47,128,75,2,121,Platinum
558,Female,38,19,38,6,153,Bronze
559,Female,48,98,6,2,52,Platinum
560,Female,41,66,45,5,17,Platinum
561,Female,37,119,75,4,12,Gold
562,Male,54,68,14,12,134,Gold
563,Male,21,29,66,7,21,Silver
564,Male,45,75,40,7,93,Silver
565,Female,61,136,3,13,25,Silver
566,Female,37,35,99,6,87,Bronze
567,Female,41,60,97,10,68,Silver
568,Female,67,148,24,5,72,Bronze
569,Male,66,52,19,1,58,Bronze
570,Male,68,76,18,12,60,Silver
571,Female,49,100,64,3,42,Silver
572,Male,58,92,88,9,39,Bronze
573,Male,53,60,35,14,85,Gold
574,Female,51,17,62,1,24,Platinum
575,Male,53,20,1,5,91,Platinum
576,Female,19,107,100,2,101,Platinum
577,Male,32,22,25,4,32,Gold
578,Female,51,122,45,14,103,Bronze
579,Female,53,89,49,14,54,Silver
580,Female,23,91,98,11,71,Bronze
581,Female,56,64,89,1,24,Bronze
582,Male,59,25,16,3,55,Silver
583,Female,68,109,98,10,73,Gold
584,Female,68,84,93,7,84,Platinum
585,Female,29,30,19,10,166,Platinum
586,Male,20,82,23,3,61,Bronze
587,Female,62,113,83,4,97,Gold
588,Male,35,62,25,2,66,Platinum
589,Female,57,78,16,3,92,Gold
590,Male,38,104,54,9,75,Silver
591,Male,32,90,73,3,159,Bronze
592,Female,50,115,1,11,29,Bronze
593,Male,52,103,42,5,42,Gold
594,Female,43,32,19,2,81,Platinum
595,Female,25,33,97,4,34,Gold
596,Female,53,69,34,12,55,Silver
597,Male,65,116,80,13,82,Platinum
598,Male,47,132,55,7,107,Platinum
599,Female,40,148,18,14,66,Gold
600,Female,59,18,34,7,96,Silver
601,Male,61,122,89,12,142,Platinum
602,Female,31,129,45,3,64,Bronze
603,Female,31,43,6,5,70,Silver
604,Female,19,73,21,1,98,Platinum
605,Male,54,139,70,10,17,Gold
606,Male,22,112,96,10,25,Platinum
607,Male,55,31,48,10,125,Bronze
608,Female,62,121,39,11,70,Silver
609,Female,58,57,31,1,24,Platinum
610,Female,64,94,10,5,159,Bronze
611,Male,31,22,30,13,140,Platinum
612,Female,56,120,18,10,111,Platinum
613,Female,42,22,60,9,63,Silver
614,Female,37,110,88,1,23,Gold
615,Female,19,108,73,1,45,Gold
616,Male,56,79,95,4,114,Bronze
617,Male,23,53,15,4,91,Bronze
618,Female,34,95,4,2,76,Bronze
619,Male,42,98,63,9,19,Silver
620,Male,45,102,40,14,58,Gold
621,Female,19,100,9,9,120,Bronze
622,Female,52,107,9,13,74,Bronze
623,Male,54,100,26,13,66,Platinum
624,Female,22,58,4,2,36,Platinum
625,Male,18,88,81,14,122,Bronze
626,Female,57,50,16,9,142,Platinum
627,Male,29,115,15,6,80,Platinum
628,Female,53,118,99,8,92,Platinum
629,Male,62,80,52,10,66,Silver
630,Male,40,69,69,13,129,Bronze
631,Male,64,105,5,13,102,Bronze
632,Female,48,36,20,4,24,Platinum
633,Male,28,115,79,2,120,Silver
634,Male,27,135,18,2,110,Platinum
635,Female,20,107,2,9,128,Silver
636,Female,31,122,93,1,85,Bronze
637,Male,33,24,13,12,167,Platinum
638,Male,27,23,4,7,29,Bronze
639,Female,46,48,42,11,174,Silver
640,Female,27,143,74,14,140,Gold
641,Female,29,103,61,3,82,Silver
642,Female,47,107,95,3,131,Gold
643,Female,58,85,8,2,50,Bronze
644,Male,18,81,67,14,176,Bronze
645,Female,22,131,63,10,163,Platinum
646,Male,37,108,9,6,139,Gold
647,Male,25,113,94,13,32,Silver
648,Male,60,127,11,10,32,Bronze
649,Female,29,117,99,2,153,Gold
650,Male,18,105,42,10,18,Silver
651,Male,37,104,13,4,22,Gold
652,Female,45,31,36,10,165,Silver
653,Male,60,32,13,9,164,Silver
654,Male,54,130,12,9,60,Silver
655,Female,64,107,37,6,73,Silver
656,Male,54,105,74,13,61,Gold
657,Male,29,96,73,4,47,Gold
658,Male,54,82,52,7,109,Platinum
659,Female,66,128,71,14,155,Gold
660,Female,66,15,2,1,60,Gold
661,Female,61,72,56,12,146,Platinum
662,Male,45,123,60,4,150,Gold
663,Male,64,130,23,5,177,Silver
664,Female,32,101,40,8,64,Bronze
665,Male,23,24,64,12,118,Bronze
666,Male,61,73,85,2,53,Platinum
667,Female,37,55,23,12,119,Gold
668,Female,67,119,29,5,170,Gold
669,Male,31,147,78,6,161,Platinum
670,Male,19,136,90,5,173,Bronze
671,Male,26,36,51,13,137,Silver
672,Female,54,112,69,9,114,Gold
673,Female,37,82,95,10,19,Platinum
674,Female,43,70,89,1,109,Silver
675,Female,46,113,31,14,157,Platinum
676,Male,18,90,50,3,118,Platinum
677,Female,52,40,20,14,117,Platinum
678,Female,23,129,55,2,149,Bronze
679,Female,54,123,81,12,155,Bronze
680,Female,22,61,2,13,103,Platinum
681,Female,50,85,25,3,72,Gold
682,Male,66,54,13,10,93,Silver
683,Male,68,147,92,9,34,Gold
684,Female,31,146,70,13,21,Bronze
685,Male,29,37,67,14,158,Silver
686,Female,59,120,58,9,34,Platinum
687,Female,37,98,99,10,20,Gold
688,Male,67,130,82,2,73,Gold
689,Male,41,123,75,14,135,Platinum
690,Female,60,55,84,3,59,Gold
691,Female,51,126,64,14,98,Bronze
692,Female,42,126,69,4,108,Platinum
693,Male,67,117,83,9,125,Gold
694,Female,46,60,86,3,105,Platinum
695,Female,56,82,59,13,23,Silver
696,Female,48,136,60,7,10,Platinum
697,Male,64,29,83,12,34,Gold
698,Female,60,143,62,3,81,Bronze
699,Female,67,125,16,7,78,Platinum
700,Male,40,38,88,7,142,Platinum
701,Female,61,41,68,9,114,Gold
702,Female,55,54,15,2,156,Bronze
703,Male,37,38,89,13,32,Bronze
704,Female,40,38,55,6,18,Silver
705,Male,62,18,35,9,127,Silver
706,Male,69,81,55,12,103,Gold
707,Female,33,48,14,12,153,Bronze
708,Female,67,130,49,2,42,Bronze
709,Female,59,37,83,2,139,Silver
710,Female,25,123,100,13,23,Silver
711,Male,67,83,7,14,10,Gold
712,Female,38,109,30,5,99,Bronze
713,Male,18,76,83,10,98,Platinum
714,Female,25,71,49,10,153,Silver
715,Female,46,68,89,12,99,Gold
716,Female,49,84,16,10,23,Bronze
717,Male,55,115,51,8,161,Bronze
718,Female,22,71,72,11,120,Silver
719,Female,64,149,82,9,152,Gold
720,Female,39,117,92,2,92,Platinum
721,Female,64,99,80,5,81,Silver
722,Male,51,75,83,14,171,Gold
723,Female,18,17,42,7,139,Bronze
724,Male,43,142,17,6,36,Platinum
725,Male,60,100,63,6,83,Gold
726,Male,27,61,45,7,108,Platinum
727,Male,47,90,77,3,81,Gold
728,Male,67,52,7,13,32,Gold
729,Male,35,101,27,3,77,Gold
730,Female,34,72,10,10,151,Gold
731,Male,43,64,34,9,126,Platinum
732,Male,25,44,36,14,115,Silver
733,Male,64,115,25,8,102,Platinum
734,Female,57,39,6,5,74,Gold
735,Female,66,126,24,6,77,Platinum
736,Male,29,140,18,11,137,Platinum
737,Female,44,137,87,12,72,Platinum
738,Male,25,61,6,10,122,Gold
739,Male,42,132,29,1,99,Platinum
740,Female,63,53,25,10,90,Bronze
741,Male,21,30,55,12,112,Gold
742,Female,50,36,81,1,169,Platinum
743,Female,18,68,46,4,125,Bronze
744,Male,36,30,24,2,22,Platinum
745,Male,48,73,75,11,133,Silver
746,Female,33,45,26,7,156,Platinum
747,Male,31,46,98,2,161,Platinum
748,Male,65,23,28,10,97,Silver
749,Male,22,24,3,2,20,Gold
750,Female,58,31,75,5,24,Silver
751,Female,43,82,38,4,19,Gold
752,Male,45,62,61,8,50,Silver
753,Female,19,125,78,4,164,Platinum
754,Female,67,137,51,14,82,Platinum
755,Female,23,115,90,12,61,Gold
756,Female,26,116,48,6,137,Gold
757,Female,50,79,21,5,37,Bronze
758,Male,58,65,54,11,74,Bronze
759,Male,42,50,56,14,26,Platinum
760,Male,65,95,94,2,104,Platinum
761,Female,30,141,59,11,147,Bronze
762,Female,26,102,72,13,72,Bronze
763,Male,30,118,51,12,47,Gold
764,Female,48,29,20,14,79,Silver
765,Male,58,110,96,8,113,Gold
766,Male,28,137,86,2,62,Bronze
767,Male,21,15,59,9,128,Platinum
768,Female,51,136,71,9,83,Bronze
769,Female,55,140,9,3,63,Platinum
770,Male,63,71,1,4,29,Platinum
771,Male,21,95,29,8,88,Platinum
772,Male,55,87,63,9,40,Platinum
773,Male,36,84,72,3,144,Silver
774,Female,23,20,56,5,67,Bronze
775,Female,51,98,68,11,114,Gold
776,Male,35,66,35,8,19,Platinum
777,Male,30,17,3,3,19,Platinum
778,Female,58,95,7,7,48,Gold
779,Female,40,77,27,11,165,Gold
780,Male,36,63,1,8,167,Platinum
781,Male,62,90,91,10,46,Gold
782,Male,28,126,80,11,128,Gold
783,Female,18,123,71,14,76,Silver
784,Female,41,79,44,3,52,Gold
785,Female,24,95,87,2,61,Bronze
786,Male,42,29,41,10,110,Bronze
787,Male,38,114,75,13,65,Bronze
788,Female,32,46,42,7,85,Platinum
789,Female,18,110,33,12,77,Bronze
790,Male,29,142,50,9,146,Silver
791,Female,24,127,63,1,115,Bronze
792,Female,32,97,100,3,134,Platinum
793,Male,38,57,37,5,101,Silver
794,Female,36,130,59,3,32,Bronze
795,Male,46,92,81,1,118,Silver
796,Male,42,72,99,7,70,Silver
797,Male,50,47,48,7,177,Platinum
798,Male,66,28,5,10,53,Platinum
799,Male,49,146,48,12,161,Silver
800,Male,66,73,96,8,170,Bronze
801,Male,52,97,3,5,25,Platinum
802,Female,61,148,47,10,31,Silver
803,Male,55,135,62,12,66,Gold
804,Male,43,97,99,5,71,Gold
805,Female,28,41,14,5,116,Platinum
806,Female,52,94,63,1,80,Bronze
807,Female,25,148,61,10,99,Gold
808,Male,63,27,31,5,81,Gold
809,Female,31,78,95,6,79,Gold
810,Male,27,94,17,13,39,Bronze
811,Male,19,137,24,12,112,Bronze
812,Male,63,57,23,1,160,Platinum
813,Male,26,103,82,11,41,Platinum
814,Female,20,109,50,7,95,Gold
815,Female,38,16,78,1,66,Bronze
816,Male,43,134,79,11,118,Silver
817,Male,25,36,79,2,18,Gold
818,Male,65,129,70,2,40,Platinum
819,Female,19,71,27,5,80,Bronze
820,Male,23,86,15,14,146,Platinum
821,Male,45,21,50,10,22,Platinum
822,Female,46,133,36,13,140,Bronze
823,Female,43,128,8,7,44,Gold
824,Male,42,30,79,1,30,Bronze
825,Female,29,97,3,10,73,Gold
826,Female,22,86,62,1,104,Platinum
827,Male,51,138,47,1,43,Bronze
828,Female,65,127,77,6,130,Silver
829,Male,54,26,98,2,172,Gold
830,Female,32,140,88,1,24,Silver
831,Male,61,67,96,6,129,Gold
832,Male,53,89,61,14,105,Bronze
833,Male,32,147,32,2,15,Silver
834,Female,60,41,94,6,118,Bronze
835,Male,65,148,13,10,106,Gold
836,Female,40,111,1,8,41,Gold
837,Male,23,19,34,2,92,Gold
838,Male,63,71,62,11,165,Gold
839,Female,67,92,79,9,127,Platinum
840,Male,61,83,78,8,88,Gold
841,Male,60,132,93,12,87,Silver
842,Female,62,134,98,10,156,Gold
843,Male,38,73,82,1,116,Bronze
844,Male,40,47,71,7,135,Platinum
845,Male,60,76,93,14,24,Silver
846,Male,33,64,31,13,143,Platinum
847,Female,64,126,64,10,82,Platinum
848,Female,32,33,25,6,110,Platinum
849,Male,42,137,38,14,107,Bronze
850,Female,53,61,14,6,175,Platinum
851,Male,28,47,8,6,35,Platinum
852,Female,68,98,91,6,101,Gold
853,Male,32,149,54,10,134,Bronze
854,Male,21,93,2,7,82,Silver
855,Male,38,28,81,12,132,Silver
856,Male,30,142,78,3,62,Silver
857,Male,39,68,89,14,87,Bronze
858,Male,36,43,56,6,101,Silver
859,Female,51,38,94,3,97,Bronze
860,Male,31,96,93,7,22,Gold
861,Female,21,77,84,7,52,Gold
862,Male,65,119,85,8,85,Bronze
863,Female,69,71,61,2,60,Silver
864,Female,63,76,22,9,28,Bronze
865,Female,44,31,35,13,158,Bronze
866,Male,46,80,16,5,131,Platinum
867,Male,64,20,50,9,33,Bronze
868,Female,45,72,43,10,35,Platinum
869,Male,52,83,17,5,165,Gold
870,Female,25,76,80,7,129,Platinum
871,Male,33,96,58,11,91,Bronze
872,Female,59,85,2,9,109,Gold
873,Female,53,145,4,4,166,Platinum
874,Male,47,24,85,2,26,Bronze
875,Female,35,112,39,9,77,Gold
876,Male,19,103,98,13,53,Platinum
877,Female,66,49,94,2,70,Bronze
878,Female,30,16,6,3,132,Bronze
879,Male,21,138,81,10,102,Silver
880,Male,43,38,89,2,83,Silver
881,Male,42,88,69,3,162,Platinum
882,Female,47,36,69,6,76,Platinum
883,Male,28,53,20,3,120,Platinum
884,Female,24,34,64,10,11,Bronze
885,Female,48,55,16,8,98,Platinum
886,Male,61,122,51,11,35,Bronze
887,Male,27,98,37,6,108,Platinum
888,Female,56,125,73,7,36,Bronze
889,Female,30,80,69,1,98,Bronze
890,Male,48,67,42,3,155,Silver
891,Male,24,48,57,3,10,Gold
892,Male,66,81,66,2,112,Bronze
893,Male,59,148,9,7,140,Platinum
894,Male,59,41,100,9,50,Silver
895,Female,53,24,86,4,174,Platinum
896,Female,37,87,64,12,60,Platinum
897,Female,21,110,86,5,24,Bronze
898,Female,24,62,22,3,17,Bronze
899,Male,18,84,34,11,47,Gold
900,Male,61,114,55,9,123,Bronze
901,Male,62,73,29,14,92,Bronze
902,Female,59,16,38,4,65,Gold
903,Female,64,79,97,5,112,Platinum
904,Male,30,97,18,1,147,Gold
905,Male,39,24,71,11,111,Gold
906,Female,38,67,65,12,87,Gold
907,Female,39,93,97,13,178,Silver
908,Male,45,73,1,2,92,Platinum
909,Male,26,62,88,12,39,Silver
910,Female,43,137,4,13,14,Silver
911,Male,26,36,4,9,128,Bronze
912,Male,32,114,82,2,40,Gold
913,Male,27,112,27,5,32,Gold
914,Female,41,39,43,13,57,Silver
915,Female,59,42,59,8,118,Bronze
916,Female,25,127,32,3,49,Bronze
917,Female,41,59,33,6,15,Bronze
918,Female,33,82,28,4,47,Platinum
919,Female,66,21,55,11,178,Silver
920,Female,43,63,100,7,109,Platinum
921,Male,44,97,60,10,36,Bronze
922,Male,54,143,70,14,78,Bronze
923,Male,21,87,62,13,66,Bronze
924,Male,67,60,80,3,26,Gold
925,Male,41,120,34,6,80,Silver
926,Male,36,46,87,12,56,Gold
927,Male,53,20,88,10,88,Platinum
928,Female,56,88,56,9,119,Gold
929,Female,27,128,13,11,22,Silver
930,Male,42,41,56,10,148,Gold
931,Male,35,68,18,1,133,Bronze
932,Female,36,99,54,3,118,Platinum
933,Male,53,141,77,2,99,Platinum
934,Male,27,125,43,8,95,Bronze
935,Female,50,29,39,7,101,Bronze
936,Male,67,146,61,2,33,Bronze
937,Female,22,107,42,6,82,Silver
938,Male,64,137,81,3,13,Gold
939,Female,66,87,79,8,122,Platinum
940,Female,52,106,18,10,55,Gold
941,Female,61,31,23,13,27,Bronze
942,Male,51,57,54,3,52,Bronze
943,Female,50,135,30,10,170,Gold
944,Male,38,55,98,14,102,Platinum
945,Male,34,53,58,9,112,Silver
946,Male,39,127,68,1,133,Gold
947,Male,65,125,67,5,19,Bronze
948,Female,54,61,71,3,82,Bronze
949,Female,32,77,18,6,40,Silver
950,Male,52,124,7,10,165,Gold
951,Male,45,83,40,2,69,Silver
952,Female,24,57,70,9,140,Silver
953,Male,49,48,86,6,127,Platinum
954,Female,28,54,65,7,23,Platinum
955,Male,27,75,68,5,152,Bronze
956,Male,26,76,49,9,11,Gold
957,Female,31,72,52,1,33,Platinum
958,Male,30,89,29,5,73,Bronze
959,Female,42,30,21,11,109,Gold
960,Male,19,96,90,10,123,Bronze
961,Male,52,108,78,11,33,Platinum
962,Male,24,62,9,6,164,Bronze
963,Female,38,96,47,7,174,Gold
964,Male,35,52,76,12,100,Gold
965,Male,20,141,42,4,176,Bronze
966,Male,59,33,51,12,35,Gold
967,Male,56,77,56,13,74,Bronze
968,Female,58,91,51,1,129,Gold
969,Female,66,145,70,11,13,Bronze
970,Male,28,116,20,8,166,Bronze
971,Female,56,79,88,10,10,Bronze
972,Male,41,134,27,4,59,Silver
973,Male,63,105,38,3,119,Gold
974,Male,36,22,72,12,148,Platinum
975,Female,21,87,65,7,83,Bronze
976,Female,43,148,54,12,71,Silver
977,Female,55,121,24,2,90,Platinum
978,Female,59,103,47,8,173,Bronze
979,Female,49,53,71,14,65,Platinum
980,Female,56,127,83,6,120,Silver
981,Female,62,42,86,7,30,Platinum
982,Female,63,111,63,14,150,Bronze
983,Female,53,51,57,5,18,Platinum
984,Male,57,96,55,9,148,Platinum
985,Female,54,70,60,5,79,Bronze
986,Female,50,99,99,11,138,Silver
987,Female,53,16,62,5,127,Silver
988,Female,20,72,30,3,65,Platinum
989,Female,26,121,93,11,40,Gold
990,Female,25,137,22,1,46,Platinum
991,Female,50,128,75,2,100,Gold
992,Female,23,121,84,8,123,Platinum
993,Female,58,51,29,1,137,Silver
994,Female,56,93,41,7,131,Platinum
995,Female,21,106,42,14,78,Platinum
996,Male,30,32,98,14,45,Gold
997,Male,66,112,65,5,41,Silver
998,Female,19,77,31,3,73,Gold
999,Female,22,18,30,12,179,Platinum
1000,Male,61,149,18,12,57,Bronze
1001,Female,44,75,17,11,90,Platinum
1002,Male,49,121,38,7,167,Platinum
1003,Male,38,68,14,9,158,Gold
1004,Male,25,102,87,2,69,Bronze
1005,Male,55,82,89,8,150,Bronze
1006,Male,25,143,79,9,10,Gold
1007,Female,67,69,56,11,74,Silver
1008,Male,20,17,22,3,42,Bronze
1009,Female,61,135,67,2,47,Bronze
1010,Female,20,143,56,7,34,Gold
1011,Male,39,116,19,5,163,Silver
1012,Male,23,52,57,5,68,Silver
1013,Female,19,99,44,10,170,Platinum
1014,Male,40,147,98,5,110,Platinum
1015,Male,61,106,35,4,136,Gold
1016,Female,19,35,1,13,50,Silver
1017,Female,55,123,52,5,167,Gold
1018,Male,34,61,85,13,66,Platinum
1019,Female,52,98,93,4,57,Gold
1020,Male,51,97,70,13,81,Gold
1021,Male,40,49,37,6,65,Bronze
1022,Male,47,83,65,4,74,Bronze
1023,Female,69,143,51,2,21,Bronze
1024,Female,25,41,1,9,78,Platinum
1025,Female,39,70,91,2,143,Gold
1026,Female,61,37,21,9,98,Bronze
1027,Female,53,35,53,10,34,Bronze
1028,Male,22,75,16,6,10,Bronze
1029,Male,30,77,61,9,169,Platinum
1030,Male,46,136,54,9,140,Platinum
1031,Male,48,66,40,3,58,Gold
1032,Female,64,102,26,1,156,Gold
1033,Male,33,69,80,1,69,Gold
1034,Female,59,60,92,3,166,Bronze
1035,Male,47,46,65,5,11,Silver
1036,Female,33,69,100,13,82,Platinum
1037,Female,29,110,74,3,154,Bronze
1038,Male,34,147,64,12,119,Bronze
1039,Male,33,50,43,9,173,Gold
1040,Male,29,124,17,9,70,Gold
1041,Male,25,120,59,3,26,Bronze
1042,Female,37,72,23,3,58,Platinum
1043,Male,20,53,7,12,85,Platinum
1044,Male,33,94,44,14,157,Bronze
1045,Female,47,111,53,5,140,Silver
1046,Male,62,127,71,2,52,Silver
1047,Male,40,75,79,6,66,Platinum
1048,Male,45,20,34,7,59,Gold
1049,Male,68,123,46,13,46,Silver
1050,Male,57,49,68,9,55,Silver
1051,Female,22,53,78,6,179,Gold
1052,Male,37,132,78,3,24,Silver
1053,Male,57,19,16,12,170,Bronze
1054,Male,61,101,71,5,89,Silver
1055,Male,18,90,96,4,148,Gold
1056,Male,47,71,19,5,157,Bronze
1057,Female,38,141,2,8,33,Silver
1058,Male,37,43,10,8,134,Platinum
1059,Female,23,101,50,6,127,Bronze
1060,Female,39,60,81,1,89,Bronze
1061,Male,35,130,12,8,103,Platinum
1062,Male,25,126,70,8,74,Platinum
1063,Male,56,59,22,2,97,Silver
1064,Male,49,118,32,4,97,Silver
1065,Female,50,99,84,12,154,Gold
1066,Male,33,148,1,2,135,Gold
1067,Male,29,122,54,4,98,Bronze
1068,Male,55,32,58,12,70,Platinum
1069,Male,69,108,70,13,24,Platinum
1070,Male,51,47,83,13,103,Gold
1071,Male,31,140,18,10,60,Bronze
1072,Female,53,136,6,7,36,Bronze
1073,Female,50,129,45,9,83,Gold
1074,Male,40,42,97,14,70,Gold
1075,Male,67,25,23,14,40,Gold
1076,Male,62,61,23,8,21,Silver
1077,Female,19,141,26,12,55,Bronze
1078,Male,58,132,77,9,168,Bronze
1079,Female,38,140,7,8,41,Bronze
1080,Male,19,86,79,2,169,Gold
1081,Male,44,121,44,7,70,Gold
1082,Male,26,47,27,2,55,Gold
1083,Male,18,33,26,13,94,Gold
1084,Female,28,88,97,12,89,Platinum
1085,Female,20,112,79,11,144,Gold
1086,Male,69,143,36,2,13,Silver
1087,Male,40,107,55,4,61,Platinum
1088,Female,43,62,64,1,168,Platinum
1089,Female,21,78,91,5,121,Gold
1090,Female,35,75,57,6,45,Bronze
1091,Female,23,53,69,9,63,Gold
1092,Male,52,142,61,10,128,Bronze
1093,Female,39,102,2,8,136,Gold
1094,Male,60,40,55,2,26,Gold
1095,Female,32,31,97,1,84,Bronze
1096,Female,39,85,80,2,167,Bronze
1097,Female,54,27,87,7,114,Bronze
1098,Female,69,83,38,4,159,Bronze
1099,Female,59,40,80,10,126,Silver
1100,Male,29,63,78,5,52,Bronze
1101,Male,64,21,29,12,121,Gold
1102,Female,66,72,26,7,124,Gold
1103,Female,59,63,35,3,36,Silver
1104,Male,55,117,79,10,46,Bronze
1105,Female,35,67,67,2,55,Gold
1106,Female,62,76,87,13,122,Silver
1107,Male,52,31,29,7,44,Gold
1108,Female,47,39,34,5,141,Silver
1109,Female,41,145,97,14,89,Silver
1110,Male,59,43,41,1,89,Platinum
1111,Male,47,131,41,1,163,Platinum
1112,Male,31,40,23,9,130,Bronze
1113,Female,23,138,71,5,156,Platinum
1114,Male,20,39,3,1,131,Silver
1115,Male,33,68,58,7,90,Gold
1116,Male,24,87,32,9,163,Gold
1117,Male,69,134,31,11,159,Bronze
1118,Male,31,70,82,1,128,Platinum
1119,Male,26,79,43,10,67,Bronze
1120,Female,32,107,7,14,72,Silver
1121,Female,38,100,1,13,165,Platinum
1122,Male,52,94,61,4,109,Bronze
1123,Male,19,122,14,14,174,Gold
1124,Male,44,132,52,3,75,Gold
1125,Female,19,97,96,5,154,Bronze
1126,Female,52,29,6,7,177,Bronze
1127,Female,35,145,10,8,175,Bronze
1128,Female,31,44,71,13,94,Silver
1129,Female,37,71,90,2,146,Silver
1130,Female,35,142,98,7,153,Gold
1131,Female,27,62,30,14,132,Silver
1132,Female,42,36,100,14,11,Silver
1133,Female,19,20,21,1,115,Platinum
1134,Male,42,118,60,7,117,Silver
1135,Male,50,50,81,8,81,Platinum
1136,Male,53,93,97,2,135,Silver
1137,Male,48,130,74,9,179,Gold
1138,Female,31,71,63,1,66,Bronze
1139,Female,18,63,42,13,90,Gold
1140,Male,63,96,51,6,167,Silver
1141,Female,33,80,64,1,150,Bronze
1142,Male,63,91,76,3,28,Bronze
1143,Female,69,59,56,11,16,Bronze
1144,Male,20,93,80,6,146,Platinum
1145,Female,52,34,41,3,63,Gold
1146,Female,58,137,32,8,113,Platinum
1147,Male,23,81,15,5,95,Bronze
1148,Female,42,97,62,2,91,Gold
1149,Male,30,17,27,4,70,Gold
1150,Male,51,78,28,9,96,Silver
1151,Male,25,54,81,4,11,Platinum
1152,Male,38,73,64,10,40,Platinum
1153,Female,51,76,59,10,42,Silver
1154,Female,21,146,58,8,89,Platinum
1155,Female,42,74,2,5,20,Bronze
1156,Male,32,130,36,11,170,Bronze
1157,Female,21,89,71,11,137,Platinum
1158,Male,62,136,13,10,144,Silver
1159,Female,29,121,15,13,137,Gold
1160,Female,49,110,89,13,40,Platinum
1161,Female,49,105,87,14,135,Gold
1162,Male,45,144,60,1,56,Silver
1163,Female,30,76,22,7,116,Gold
1164,Female,48,63,63,3,28,Silver
1165,Male,31,106,90,10,90,Silver
1166,Female,37,138,97,8,132,Bronze
1167,Male,35,75,75,14,143,Bronze
1168,Female,46,62,74,12,116,Silver
1169,Male,23,72,25,3,58,Platinum
1170,Male,49,115,48,1,82,Bronze
1171,Female,46,126,43,5,59,Silver
1172,Male,60,76,38,2,90,Gold
1173,Male,19,53,41,11,104,Gold
1174,Male,40,72,45,4,21,Platinum
1175,Male,36,113,88,1,32,Gold
1176,Male,48,58,40,9,63,Gold
1177,Male,68,43,97,6,127,Silver
1178,Female,22,73,17,8,68,Gold
1179,Male,36,85,88,11,173,Gold
1180,Male,51,106,57,4,12,Gold
1181,Female,27,23,2,9,67,Gold
1182,Female,42,141,96,2,66,Silver
1183,Female,19,148,62,9,154,Gold
1184,Female,28,145,88,12,176,Platinum
1185,Female,67,35,9,5,99,Bronze
1186,Female,48,78,68,13,64,Platinum
1187,Female,32,104,81,6,54,Bronze
1188,Male,26,50,17,3,10,Platinum
1189,Male,40,76,50,4,30,Bronze
1190,Female,36,90,94,6,30,Bronze
1191,Male,26,27,40,7,61,Bronze
1192,Male,52,25,58,1,91,Bronze
1193,Male,38,68,75,7,76,Silver
1194,Female,26,30,85,1,122,Platinum
1195,Female,45,22,21,5,53,Bronze
1196,Male,63,118,18,6,169,Platinum
1197,Female,68,73,55,13,19,Gold
1198,Male,24,71,29,2,73,Bronze
1199,Male,33,54,24,13,78,Platinum
1200,Male,33,144,74,10,77,Silver
1201,Male,50,108,17,9,37,Platinum
1202,Female,21,58,18,14,125,Bronze
1203,Female,21,94,42,10,60,Gold
1204,Female,56,95,84,6,13,Platinum
1205,Male,57,16,45,7,88,Gold
1206,Female,34,129,82,14,26,Silver
1207,Male,54,104,17,10,117,Platinum
1208,Female,56,37,73,8,83,Platinum
1209,Male,69,76,14,11,32,Silver
1210,Male,46,127,49,13,27,Silver
1211,Male,69,142,29,10,138,Silver
1212,Female,53,76,95,1,44,Bronze
1213,Female,55,52,4,14,73,Bronze
1214,Female,56,75,82,8,68,Platinum
1215,Female,67,143,20,4,10,Platinum
1216,Male,54,136,47,10,140,Platinum
1217,Female,69,124,9,8,76,Gold
1218,Female,52,27,77,13,46,Silver
1219,Male,24,114,79,6,38,Platinum
1220,Male,44,149,27,11,98,Silver
1221,Male,45,36,15,9,170,Bronze
1222,Female,39,88,92,11,109,Silver
1223,Male,31,146,19,4,131,Gold
1224,Male,24,37,90,2,99,Gold
1225,Male,54,133,52,14,141,Silver
1226,Female,39,84,26,2,23,Gold
1227,Male,22,98,89,5,170,Gold
1228,Female,19,115,26,10,159,Bronze
1229,Female,44,98,26,9,140,Platinum
1230,Male,38,42,46,12,94,Gold
1231,Male,55,15,92,3,160,Platinum
1232,Female,32,77,49,8,30,Silver
1233,Male,38,36,82,4,35,Silver
1234,Male,27,84,96,6,50,Gold
1235,Female,40,139,53,10,131,Silver
1236,Female,56,110,3,6,47,Bronze
1237,Male,22,93,66,3,97,Gold
1238,Female,18,19,97,14,20,Gold
1239,Male,30,74,42,5,38,Gold
1240,Male,38,134,19,12,69,Silver
1241,Male,43,60,17,3,70,Silver
1242,Female,67,148,33,11,156,Gold
1243,Male,62,70,76,11,31,Platinum
1244,Male,38,124,49,1,87,Silver
1245,Male,35,118,56,7,122,Silver
1246,Female,54,91,63,4,132,Gold
1247,Female,62,16,3,14,151,Platinum
1248,Female,49,22,49,7,53,Gold
1249,Female,53,89,55,3,153,Silver
1250,Female,34,139,26,12,106,Gold
1251,Male,52,52,99,11,86,Gold
1252,Female,66,41,72,5,149,Gold
1253,Female,28,34,52,5,64,Platinum
1254,Female,38,57,100,13,60,Gold
1255,Male,69,45,7,2,111,Silver
1256,Female,43,105,46,11,176,Gold
1257,Female,21,75,46,10,170,Platinum
1258,Male,51,123,100,12,170,Bronze
1259,Female,69,105,16,2,38,Platinum
1260,Male,65,109,24,4,78,Gold
1261,Male,35,27,61,4,168,Bronze
1262,Male,57,127,54,4,89,Gold
1263,Male,52,49,62,6,40,Platinum
1264,Male,58,62,1,2,121,Bronze
1265,Female,46,49,49,6,55,Bronze
1266,Male,69,100,25,7,106,Gold
1267,Male,46,128,10,11,61,Gold
1268,Female,55,114,80,10,147,Platinum
1269,Male,59,113,16,3,83,Gold
1270,Female,38,17,58,11,50,Bronze
1271,Female,59,99,72,12,86,Silver
1272,Female,30,139,29,8,140,Silver
1273,Male,66,97,92,2,123,Platinum
1274,Male,58,39,6,11,61,Gold
1275,Male,34,82,16,8,171,Platinum
1276,Female,26,75,20,13,165,Silver
1277,Male,58,43,80,11,96,Silver
1278,Male,18,141,71,5,118,Gold
1279,Male,19,33,78,2,150,Bronze
1280,Female,65,88,43,7,78,Gold
1281,Female,46,75,26,14,129,Silver
1282,Male,50,34,90,2,76,Bronze
1283,Male,27,62,78,14,70,Platinum
1284,Male,67,101,71,6,80,Silver
1285,Male,57,124,33,10,161,Platinum
1286,Female,38,42,26,3,160,Bronze
1287,Female,45,73,45,9,39,Platinum
1288,Female,28,147,84,3,155,Silver
1289,Female,51,65,63,11,105,Gold
1290,Male,25,26,67,12,65,Platinum
1291,Male,39,64,52,12,62,Silver
1292,Male,25,146,68,3,16,Silver
1293,Female,66,127,26,5,106,Bronze
1294,Male,32,28,75,7,122,Silver
1295,Female,34,46,2,14,134,Gold
1296,Female,40,69,14,8,141,Gold
1297,Male,41,134,30,12,171,Platinum
1298,Male,62,89,49,11,170,Platinum
1299,Male,36,35,12,7,130,Platinum
1300,Female,22,147,90,9,47,Platinum
1301,Male,49,101,44,5,131,Gold
1302,Female,61,73,33,10,35,Bronze
1303,Male,18,103,13,11,138,Platinum
1304,Female,40,97,78,3,13,Bronze
1305,Female,54,79,88,6,48,Silver
1306,Male,25,78,98,5,63,Silver
1307,Female,30,85,26,12,170,Platinum
1308,Female,25,18,21,4,42,Silver
1309,Male,40,118,28,12,29,Bronze
1310,Female,60,107,48,2,25,Bronze
1311,Male,18,126,100,7,158,Silver
1312,Female,62,133,40,13,136,Platinum
1313,Male,68,73,66,5,96,Bronze
1314,Male,41,57,73,4,91,Bronze
1315,Female,52,26,87,12,71,Gold
1316,Female,41,54,79,14,40,Platinum
1317,Female,34,132,77,8,51,Gold
1318,Female,22,34,23,9,21,Silver
1319,Female,37,145,81,9,74,Silver
1320,Male,38,104,48,3,82,Gold
1321,Female,57,108,2,3,140,Platinum
1322,Male,48,27,84,5,124,Bronze
1323,Male,63,80,20,5,146,Silver
1324,Female,53,51,59,10,115,Platinum
1325,Male,28,80,46,2,25,Platinum
1326,Male,69,50,3,1,87,Silver
1327,Male,32,40,55,8,134,Silver
1328,Male,36,89,12,3,140,Platinum
1329,Female,24,122,40,1,161,Bronze
1330,Male,68,57,66,1,150,Gold
1331,Female,45,22,100,11,139,Silver
1332,Female,68,43,78,2,121,Gold
1333,Male,60,54,16,6,136,Platinum
1334,Female,22,142,83,6,30,Gold
1335,Female,22,98,34,14,156,Bronze
1336,Female,47,130,44,3,98,Platinum
1337,Male,49,76,6,12,56,Bronze
1338,Female,25,21,77,4,159,Platinum
1339,Female,27,59,64,12,170,Bronze
1340,Female,55,102,100,13,169,Platinum
1341,Male,64,87,22,2,94,Bronze
1342,Female,49,51,18,2,176,Platinum
1343,Male,65,133,12,7,137,Bronze
1344,Male,45,71,52,13,81,Platinum
1345,Male,34,22,94,1,51,Bronze
1346,Male,48,109,51,7,18,Silver
1347,Male,25,131,71,14,34,Gold
1348,Male,57,124,96,12,11,Platinum
1349,Female,42,34,48,14,28,Bronze
1350,Male,26,138,19,12,29,Silver
1351,Female,19,67,6,14,79,Platinum
1352,Female,32,133,84,1,26,Platinum
1353,Male,67,26,27,14,133,Platinum
1354,Female,20,31,53,6,98,Gold
1355,Female,66,78,48,3,103,Bronze
1356,Female,53,56,7,8,93,Bronze
1357,Female,21,108,59,6,140,Platinum
1358,Male,31,25,69,11,96,Platinum
1359,Female,58,112,11,2,60,Platinum
1360,Male,58,85,15,8,91,Silver
1361,Female,42,122,64,5,163,Platinum
1362,Female,67,72,3,8,17,Gold
1363,Male,27,48,69,8,174,Bronze
1364,Female,38,34,23,6,130,Gold
1365,Female,53,64,53,2,164,Platinum
1366,Female,29,116,37,8,13,Silver
1367,Male,44,66,9,11,95,Platinum
1368,Female,57,29,15,6,137,Platinum
1369,Male,19,98,3,6,119,Platinum
1370,Female,30,145,93,8,108,Platinum
1371,Male,49,51,70,1,46,Platinum
1372,Male,48,140,17,2,80,Bronze
1373,Female,33,54,26,12,42,Gold
1374,Female,49,86,21,12,40,Silver
1375,Male,49,54,72,9,134,Platinum
1376,Male,51,70,21,11,21,Silver
1377,Female,28,118,11,12,20,Bronze
1378,Male,27,124,38,8,97,Gold
1379,Female,32,107,72,12,81,Platinum
1380,Female,34,108,88,7,41,Bronze
1381,Female,57,70,35,7,66,Bronze
1382,Female,35,74,14,5,175,Gold
1383,Male,26,53,14,2,95,Platinum
1384,Female,42,42,10,11,28,Gold
1385,Male,57,63,12,6,125,Gold
1386,Female,31,139,38,10,23,Silver
1387,Male,42,27,34,3,42,Silver
1388,Female,67,50,41,4,19,Gold
1389,Male,39,115,10,13,89,Silver
1390,Male,69,40,17,10,73,Bronze
1391,Female,47,100,17,12,77,Gold
1392,Female,37,18,67,11,101,Platinum
1393,Female,38,96,62,2,134,Platinum
1394,Female,61,141,95,14,89,Bronze
1395,Male,49,102,1,2,68,Platinum
1396,Female,68,141,12,12,106,Platinum
1397,Male,63,134,4,8,28,Gold
1398,Male,66,36,42,8,158,Bronze
1399,Female,38,144,13,10,31,Gold
1400,Male,52,45,98,6,18,Bronze
1401,Male,49,133,85,13,18,Gold
1402,Male,47,25,86,5,36,Gold
1403,Male,56,60,4,8,26,Silver
1404,Female,66,110,82,4,54,Platinum
1405,Female,29,24,69,11,17,Bronze
1406,Female,58,142,19,4,155,Platinum
1407,Female,64,113,2,5,134,Silver
1408,Male,35,126,12,1,132,Bronze
1409,Male,38,74,81,1,42,Silver
1410,Female,30,101,74,2,10,Platinum
1411,Female,38,79,98,14,15,Gold
1412,Female,25,71,6,8,50,Silver
1413,Male,63,120,8,7,14,Silver
1414,Female,57,23,51,10,89,Gold
1415,Female,63,36,11,9,27,Platinum
1416,Female,24,103,63,5,91,Silver
1417,Male,40,32,57,2,74,Platinum
1418,Male,61,129,12,7,92,Gold
1419,Male,49,120,73,8,145,Bronze
1420,Male,28,29,2,12,140,Silver
1421,Male,39,77,8,7,34,Platinum
1422,Male,39,27,11,14,78,Gold
1423,Male,60,95,53,7,177,Gold
1424,Male,42,46,100,12,91,Silver
1425,Female,39,54,10,14,126,Bronze
1426,Female,45,96,85,5,104,Silver
1427,Male,46,91,84,2,42,Platinum
1428,Male,30,90,8,6,120,Gold
1429,Female,35,52,36,4,155,Bronze
1430,Male,19,85,93,10,134,Platinum
1431,Male,46,62,76,2,25,Silver
1432,Male,38,32,14,12,89,Gold
1433,Female,32,53,54,9,47,Silver
1434,Female,69,103,85,7,178,Bronze
1435,Female,44,76,86,6,144,Bronze
1436,Female,67,123,21,12,87,Bronze
1437,Female,48,95,50,5,72,Bronze
1438,Male,32,148,94,3,121,Bronze
1439,Female,68,91,39,12,98,Silver
1440,Male,40,104,20,10,169,Bronze
1441,Male,41,28,88,10,47,Bronze
1442,Female,61,109,87,4,159,Gold
1443,Female,30,68,7,3,153,Bronze
1444,Male,39,146,9,12,61,Gold
1445,Male,60,53,1,11,38,Gold
1446,Male,54,86,26,8,153,Gold
1447,Female,50,39,38,3,85,Silver
1448,Female,20,91,38,7,154,Silver
1449,Female,36,134,61,7,73,Platinum
1450,Female,40,67,44,7,100,Platinum
1451,Female,46,145,86,13,98,Gold
1452,Male,47,110,44,7,22,Silver
1453,Female,56,86,74,14,81,Bronze
1454,Male,61,76,62,2,14,Platinum
1455,Male,64,20,6,10,21,Silver
1456,Male,42,46,17,3,178,Bronze
1457,Female,54,113,51,10,12,Bronze
1458,Female,64,145,38,9,42,Silver
1459,Female,25,90,24,3,130,Platinum
1460,Male,59,73,51,2,59,Silver
1461,Male,33,45,10,9,146,Platinum
1462,Male,25,107,72,13,38,Gold
1463,Male,18,83,21,10,48,Silver
1464,Male,61,66,70,9,100,Silver
1465,Male,22,103,85,4,109,Platinum
1466,Female,20,141,57,14,26,Platinum
1467,Female,18,45,39,12,65,Silver
1468,Female,21,98,88,9,55,Bronze
1469,Female,57,141,33,3,76,Bronze
1470,Male,52,146,59,7,151,Bronze
1471,Male,49,27,18,7,76,Gold
1472,Female,59,59,56,11,32,Gold
1473,Male,51,141,92,8,103,Platinum
1474,Female,60,128,57,10,160,Gold
1475,Female,42,34,96,4,164,Bronze
1476,Female,27,95,76,3,63,Silver
1477,Male,38,143,48,3,147,Gold
1478,Female,63,31,42,12,86,Gold
1479,Female,56,72,27,5,25,Bronze
1480,Female,44,86,74,11,50,Gold
1481,Male,44,123,52,14,107,Platinum
1482,Male,19,37,42,1,137,Silver
1483,Female,58,86,32,10,70,Bronze
1484,Male,65,22,26,3,95,Platinum
1485,Male,30,73,25,14,127,Bronze
1486,Male,26,125,75,6,109,Platinum
1487,Male,69,27,23,3,58,Silver
1488,Male,53,30,98,5,11,Silver
1489,Male,39,133,57,9,129,Platinum
1490,Male,59,16,52,2,132,Platinum
1491,Male,43,44,87,11,95,Platinum
1492,Male,29,117,93,2,86,Platinum
1493,Male,34,27,31,12,145,Platinum
1494,Female,31,110,64,6,68,Platinum
1495,Female,31,108,71,6,21,Silver
1496,Male,51,96,33,11,13,Platinum
1497,Female,37,27,85,11,126,Gold
1498,Female,28,108,2,8,104,Silver
1499,Male,33,126,18,12,134,Bronze
1500,Male,68,69,47,13,50,Silver
1501,Male,48,95,33,11,132,Bronze
1502,Female,23,130,98,14,16,Bronze
1503,Female,36,122,84,2,78,Gold
1504,Male,54,67,35,9,78,Platinum
1505,Male,21,142,51,2,90,Platinum
1506,Male,64,71,18,13,39,Silver
1507,Female,21,66,88,1,82,Platinum
1508,Female,37,125,72,10,15,Gold
1509,Female,27,15,30,2,98,Silver
1510,Female,41,58,44,12,156,Silver
1511,Male,52,89,53,7,75,Silver
1512,Male,43,112,10,8,19,Platinum
1513,Male,54,23,87,5,153,Platinum
1514,Male,55,46,52,6,46,Platinum
1515,Female,38,29,49,12,86,Silver
1516,Female,57,86,11,1,86,Silver
1517,Male,56,26,66,6,41,Bronze
1518,Male,38,79,58,12,56,Bronze
1519,Female,27,121,90,8,119,Platinum
1520,Male,55,56,36,13,129,Silver
1521,Female,63,129,33,3,173,Platinum
1522,Male,21,117,47,11,163,Platinum
1523,Male,62,109,13,1,19,Bronze
1524,Male,37,31,40,11,168,Gold
1525,Male,34,99,89,4,106,Platinum
1526,Male,24,70,68,1,166,Gold
1527,Male,21,148,42,14,14,Gold
1528,Male,46,100,19,8,86,Silver
1529,Female,31,116,82,5,10,Silver
1530,Female,20,68,94,1,140,Platinum
1531,Female,41,129,19,14,76,Bronze
1532,Female,54,102,58,8,172,Bronze
1533,Female,33,63,23,9,24,Platinum
1534,Male,69,129,54,10,102,Platinum
1535,Male,21,77,80,2,39,Bronze
1536,Female,41,118,65,9,112,Gold
1537,Male,51,97,12,8,91,Platinum
1538,Female,47,117,24,7,84,Gold
1539,Female,35,31,34,3,69,Platinum
1540,Male,36,20,53,2,49,Platinum
1541,Male,48,42,8,7,166,Gold
1542,Male,36,52,18,5,83,Gold
1543,Female,66,133,57,6,130,Bronze
1544,Male,63,51,5,4,156,Platinum
1545,Female,36,129,26,2,12,Silver
1546,Female,39,82,30,9,45,Silver
1547,Female,41,57,54,3,52,Platinum
1548,Male,62,72,13,12,152,Platinum
1549,Male,29,27,83,14,178,Platinum
1550,Female,47,66,29,7,124,Gold
1551,Male,55,72,3,14,118,Silver
1552,Male,48,46,90,8,99,Silver
1553,Male,53,119,58,2,173,Silver
1554,Female,36,97,76,14,93,Platinum
1555,Female,65,113,2,6,86,Gold
1556,Male,62,118,75,11,170,Platinum
1557,Female,53,42,28,8,14,Bronze
1558,Male,47,143,82,7,87,Bronze
1559,Male,66,62,77,11,100,Silver
1560,Male,50,54,86,3,96,Platinum
1561,Male,35,111,76,1,23,Bronze
1562,Female,69,128,2,14,113,Bronze
1563,Female,66,146,7,6,92,Platinum
1564,Female,45,125,26,8,63,Gold
1565,Male,64,90,90,6,141,Platinum
1566,Male,28,45,88,5,104,Platinum
1567,Male,62,133,76,11,18,Gold
1568,Female,50,39,16,12,62,Silver
1569,Male,34,48,23,8,86,Silver
1570,Female,23,81,40,2,69,Silver
1571,Female,21,132,60,12,55,Gold
1572,Female,37,87,73,1,63,Bronze
1573,Female,65,40,32,1,83,Gold
1574,Female,64,118,15,14,121,Platinum
1575,Female,44,24,13,4,104,Gold
1576,Male,32,81,5,6,174,Bronze
1577,Male,23,19,75,13,32,Bronze
1578,Female,64,41,74,9,36,Platinum
1579,Female,31,127,52,1,79,Silver
1580,Male,28,29,77,12,118,Bronze
1581,Female,56,119,41,1,86,Bronze
1582,Female,26,58,53,13,59,Bronze
1583,Male,43,40,50,13,133,Platinum
1584,Female,33,109,15,5,28,Bronze
1585,Female,22,98,7,10,10,Silver
1586,Female,69,146,40,5,49,Platinum
1587,Male,27,101,28,5,169,Silver
1588,Male,67,126,32,10,31,Bronze
1589,Male,20,143,99,6,121,Bronze
1590,Female,30,103,15,8,49,Silver
1591,Female,60,80,100,3,47,Platinum
1592,Male,66,145,85,9,57,Platinum
1593,Female,47,136,70,13,84,Silver
1594,Female,62,98,65,1,116,Bronze
1595,Female,23,130,4,4,17,Gold
1596,Female,34,130,11,9,95,Silver
1597,Female,62,52,26,14,77,Silver
1598,Male,68,124,61,8,84,Silver
1599,Female,36,60,37,10,146,Bronze
1600,Male,59,39,23,9,99,Platinum
1601,Female,52,35,93,1,139,Bronze
1602,Male,63,135,85,9,89,Silver
1603,Female,43,136,91,3,104,Bronze
1604,Male,68,147,40,11,79,Bronze
1605,Female,22,84,77,12,99,Silver
1606,Male,46,127,23,10,68,Bronze
1607,Female,54,121,16,9,156,Gold
1608,Male,37,126,94,1,37,Bronze
1609,Female,66,122,61,1,81,Bronze
1610,Male,38,61,68,9,23,Platinum
1611,Male,27,105,80,11,33,Platinum
1612,Female,22,32,31,14,121,Silver
1613,Female,53,118,53,6,53,Silver
1614,Male,23,54,25,4,65,Platinum
1615,Female,43,103,44,7,129,Gold
1616,Male,21,75,12,5,41,Bronze
1617,Male,56,19,90,10,178,Gold
1618,Male,56,136,97,14,34,Gold
1619,Female,67,69,92,7,125,Platinum
1620,Male,52,51,9,8,75,Silver
1621,Male,18,70,12,8,51,Bronze
1622,Female,41,116,69,1,173,Silver
1623,Female,53,107,54,8,85,Gold
1624,Female,23,87,54,6,146,Gold
1625,Female,58,73,28,4,173,Silver
1626,Male,63,16,56,13,47,Silver
1627,Male,61,118,99,14,170,Platinum
1628,Male,48,65,69,12,179,Silver
1629,Male,37,44,98,8,70,Silver
1630,Female,41,25,98,3,98,Platinum
1631,Male,42,122,77,13,27,Silver
1632,Male,53,90,58,4,79,Gold
1633,Female,38,104,78,6,91,Silver
1634,Male,47,137,75,11,125,Bronze
1635,Male,41,139,42,7,89,Gold
1636,Male,61,136,38,4,24,Platinum
1637,Male,59,108,68,4,22,Gold
1638,Male,47,117,53,7,128,Platinum
1639,Male,39,45,33,6,52,Bronze
1640,Female,45,66,71,13,66,Bronze
1641,Female,24,103,56,11,26,Gold
1642,Male,52,90,72,8,41,Silver
1643,Male,45,143,51,1,159,Gold
1644,Female,31,36,74,10,64,Gold
1645,Male,27,54,43,13,22,Bronze
1646,Male,33,115,15,11,56,Platinum
1647,Male,33,125,38,7,96,Gold
1648,Female,48,143,15,12,71,Silver
1649,Male,59,79,5,7,38,Bronze
1650,Female,42,93,93,11,31,Gold
1651,Male,30,36,83,7,74,Gold
1652,Female,23,113,54,7,38,Silver
1653,Female,61,22,51,10,57,Gold
1654,Male,26,31,10,14,14,Gold
1655,Female,62,31,12,10,172,Gold
1656,Male,53,104,4,8,110,Gold
1657,Female,60,95,95,9,80,Silver
1658,Male,37,92,18,9,172,Gold
1659,Male,35,20,80,2,150,Gold
1660,Female,60,124,36,13,147,Gold
1661,Male,38,28,25,13,75,Bronze
1662,Male,21,86,87,7,81,Silver
1663,Female,67,68,76,7,34,Bronze
1664,Male,50,41,98,4,69,Bronze
1665,Male,44,27,36,9,49,Silver
1666,Female,24,74,67,8,16,Bronze
1667,Female,23,20,9,12,160,Bronze
1668,Male,32,72,61,1,55,Bronze
1669,Male,35,63,53,2,95,Silver
1670,Female,49,40,18,13,150,Gold
1671,Female,28,61,43,13,30,Platinum
1672,Male,37,19,35,2,10,Platinum
1673,Female,41,34,63,12,132,Silver
1674,Male,32,148,98,12,156,Platinum
1675,Male,65,73,78,11,134,Silver
1676,Male,24,146,4,8,42,Silver
1677,Male,38,31,93,1,13,Platinum
1678,Male,59,28,41,4,12,Bronze
1679,Female,43,27,45,10,100,Gold
1680,Female,61,149,50,12,61,Platinum
1681,Female,31,142,79,5,37,Platinum
1682,Female,54,58,28,9,79,Platinum
1683,Male,38,133,42,7,66,Platinum
1684,Male,35,33,80,8,117,Silver
1685,Male,22,77,76,14,153,Silver
1686,Male,20,95,69,11,33,Gold
1687,Female,40,114,98,9,178,Gold
1688,Male,43,136,1,13,86,Platinum
1689,Male,54,58,39,7,85,Platinum
1690,Female,41,118,96,5,78,Platinum
1691,Female,66,75,90,13,110,Gold
1692,Female,36,139,17,5,168,Platinum
1693,Female,68,85,91,10,101,Bronze
1694,Male,42,121,88,11,101,Gold
1695,Male,38,64,35,6,39,Bronze
1696,Female,29,79,46,5,27,Platinum
1697,Male,58,113,42,13,53,Silver
1698,Male,50,46,39,12,164,Bronze
1699,Male,67,72,90,11,108,Gold
1700,Female,21,142,49,9,163,Bronze
1701,Male,59,126,62,3,130,Gold
1702,Female,24,82,38,3,124,Platinum
1703,Male,39,54,23,7,69,Bronze
1704,Male,50,146,22,7,155,Silver
1705,Male,34,104,4,6,65,Bronze
1706,Female,41,42,49,3,40,Silver
1707,Male,51,110,59,14,110,Gold
1708,Female,45,45,73,13,68,Platinum
1709,Female,60,17,68,7,133,Platinum
1710,Female,58,38,71,5,139,Silver
1711,Male,56,29,87,7,106,Gold
1712,Male,39,59,2,2,176,Platinum
1713,Male,66,22,49,6,116,Gold
1714,Male,34,85,88,14,27,Silver
1715,Female,51,122,95,8,154,Silver
1716,Female,23,129,31,1,176,Bronze
1717,Female,63,117,40,4,80,Platinum
1718,Male,23,139,48,11,115,Platinum
1719,Female,51,71,51,1,63,Bronze
1720,Male,18,44,43,14,103,Silver
1721,Female,27,128,98,1,85,Silver
1722,Male,38,131,55,10,44,Silver
1723,Male,22,74,88,12,20,Silver
1724,Female,19,112,49,14,70,Gold
1725,Female,39,140,90,14,53,Platinum
1726,Female,65,108,80,11,130,Platinum
1727,Female,19,148,57,8,77,Silver
1728,Male,27,136,77,7,34,Silver
1729,Female,51,122,15,12,169,Silver
1730,Female,33,18,27,10,93,Platinum
1731,Female,65,107,68,13,123,Platinum
1732,Male,68,20,80,1,141,Silver
1733,Male,56,46,64,11,175,Gold
1734,Female,39,120,94,14,10,Bronze
1735,Male,29,29,30,13,140,Bronze
1736,Female,41,136,36,2,95,Bronze
1737,Male,64,110,67,4,71,Platinum
1738,Male,57,20,86,1,73,Platinum
1739,Male,55,126,86,3,154,Bronze
1740,Male,27,134,49,8,135,Bronze
1741,Female,52,137,76,8,114,Gold
1742,Female,68,81,55,8,71,Platinum
1743,Female,66,120,85,6,44,Platinum
1744,Male,49,57,56,6,22,Bronze
1745,Female,24,110,68,5,172,Gold
1746,Female,38,146,95,13,52,Gold
1747,Female,37,95,44,9,139,Bronze
1748,Male,43,55,31,4,120,Bronze
1749,Male,21,147,58,10,137,Platinum
1750,Male,63,49,87,12,60,Bronze
1751,Female,69,36,53,12,153,Silver
1752,Female,39,126,84,12,155,Gold
1753,Female,32,25,79,7,144,Bronze
1754,Male,57,17,23,1,54,Silver
1755,Male,38,74,28,9,173,Gold
1756,Female,32,90,16,7,178,Silver
1757,Male,39,101,37,10,51,Silver
1758,Male,69,28,21,12,144,Bronze
1759,Male,45,32,79,9,24,Gold
1760,Male,31,127,17,7,69,Silver
1761,Female,44,87,37,2,49,Platinum
1762,Male,58,37,77,6,174,Gold
1763,Male,57,97,19,10,121,Platinum
1764,Male,45,139,30,12,86,Bronze
1765,Male,43,83,45,11,114,Platinum
1766,Female,66,61,18,4,116,Gold
1767,Female,19,130,78,3,131,Silver
1768,Male,42,44,62,2,89,Silver
1769,Male,20,39,36,6,134,Gold
1770,Male,25,126,100,8,143,Silver
1771,Male,61,39,84,6,41,Platinum
1772,Male,50,88,52,9,117,Silver
1773,Male,59,72,19,14,123,Silver
1774,Female,69,108,44,5,155,Platinum
1775,Male,52,133,7,2,77,Platinum
1776,Female,23,141,44,8,136,Platinum
1777,Female,56,39,68,9,144,Bronze
1778,Male,69,92,34,14,123,Platinum
1779,Female,40,113,66,10,17,Platinum
1780,Female,42,130,69,4,73,Bronze
1781,Female,67,62,55,6,144,Silver
1782,Female,60,24,10,11,50,Platinum
1783,Female,36,113,96,10,49,Gold
1784,Female,22,25,42,8,12,Platinum
1785,Male,68,99,41,9,154,Platinum
1786,Female,28,149,77,12,119,Bronze
1787,Female,29,140,69,5,123,Gold
1788,Female,27,78,10,12,121,Silver
1789,Male,25,16,10,6,159,Silver
1790,Female,41,90,91,11,13,Gold
1791,Male,45,135,60,4,143,Platinum
1792,Female,58,56,51,5,175,Bronze
1793,Male,53,68,21,7,35,Gold
1794,Male,54,89,8,9,148,Gold
1795,Female,38,30,65,10,26,Silver
1796,Female,25,32,92,11,101,Bronze
1797,Male,26,104,78,13,40,Gold
1798,Female,64,20,85,6,172,Bronze
1799,Male,32,122,30,14,153,Platinum
1800,Male,65,62,85,6,116,Silver
1801,Male,63,56,49,8,155,Platinum
1802,Male,57,90,9,11,120,Bronze
1803,Male,35,91,17,4,110,Platinum
1804,Female,59,146,69,3,121,Silver
1805,Male,37,144,58,14,71,Bronze
1806,Male,23,73,57,7,121,Gold
1807,Female,29,41,62,5,164,Platinum
1808,Male,19,93,95,2,172,Silver
1809,Female,24,86,52,2,125,Gold
1810,Female,33,21,61,11,44,Silver
1811,Female,20,125,40,6,37,Bronze
1812,Male,62,133,38,8,112,Bronze
1813,Male,20,77,43,1,134,Platinum
1814,Male,44,138,63,11,111,Silver
1815,Female,67,26,19,6,146,Silver
1816,Male,60,57,100,12,152,Silver
1817,Female,57,31,50,2,30,Bronze
1818,Male,55,77,33,2,61,Platinum
1819,Female,50,134,13,7,172,Silver
1820,Male,45,50,78,10,106,Silver
1821,Male,18,22,97,1,60,Gold
1822,Male,25,83,62,6,92,Silver
1823,Female,54,104,93,14,64,Platinum
1824,Female,49,50,43,7,86,Gold
1825,Male,65,42,49,14,136,Gold
1826,Male,60,132,36,8,102,Gold
1827,Female,54,107,10,7,97,Bronze
1828,Female,21,90,95,6,89,Gold
1829,Female,47,115,6,9,162,Silver
1830,Male,23,28,57,13,101,Bronze
1831,Female,63,85,1,3,56,Bronze
1832,Male,36,138,71,11,47,Bronze
1833,Female,49,139,58,6,148,Bronze
1834,Male,26,51,91,4,24,Bronze
1835,Female,29,43,21,2,10,Bronze
1836,Female,28,33,92,1,144,Bronze
1837,Female,63,120,80,12,10,Gold
1838,Female,33,35,56,12,58,Platinum
1839,Female,18,78,87,14,105,Silver
1840,Male,62,41,20,1,166,Silver
1841,Female,38,69,54,11,35,Gold
1842,Female,47,43,25,10,96,Gold
1843,Female,30,39,28,3,102,Bronze
1844,Male,51,84,5,4,111,Platinum
1845,Female,21,77,21,2,80,Bronze
1846,Male,45,144,18,13,149,Gold
1847,Female,55,30,47,12,104,Bronze
1848,Female,48,114,70,11,169,Silver
1849,Male,44,44,57,11,127,Silver
1850,Female,22,59,93,14,157,Bronze
1851,Male,42,33,19,11,128,Platinum
1852,Male,20,48,97,1,60,Bronze
1853,Female,50,76,65,4,90,Bronze
1854,Male,21,132,3,7,45,Platinum
1855,Female,42,114,42,10,76,Platinum
1856,Female,37,36,21,11,138,Platinum
1857,Male,51,125,99,6,123,Silver
1858,Male,43,87,40,6,164,Bronze
1859,Male,22,52,67,11,120,Gold
1860,Male,52,84,25,9,177,Platinum
1861,Female,45,130,55,14,151,Platinum
1862,Female,46,93,84,2,109,Bronze
1863,Male,26,23,52,4,118,Gold
1864,Female,69,46,44,5,129,Bronze
1865,Female,55,146,98,1,88,Bronze
1866,Female,67,64,85,8,143,Platinum
1867,Female,23,96,56,8,170,Platinum
1868,Male,36,19,55,6,28,Silver
1869,Male,61,101,87,12,136,Gold
1870,Female,28,140,70,5,38,Gold
1871,Male,19,89,77,8,33,Platinum
1872,Male,64,36,87,3,160,Platinum
1873,Male,61,82,73,3,19,Platinum
1874,Female,61,58,81,2,114,Gold
1875,Female,26,48,66,5,178,Silver
1876,Female,38,91,19,3,154,Gold
1877,Male,41,56,83,3,167,Platinum
1878,Female,51,120,7,6,64,Platinum
1879,Female,39,109,63,8,156,Silver
1880,Male,20,149,42,2,166,Bronze
1881,Female,29,82,42,4,11,Bronze
1882,Female,45,142,59,11,173,Gold
1883,Male,47,99,20,7,156,Bronze
1884,Male,43,97,73,1,144,Bronze
1885,Male,65,109,17,1,163,Gold
1886,Female,38,46,27,12,120,Platinum
1887,Female,45,80,47,13,47,Bronze
1888,Female,43,130,2,10,140,Platinum
1889,Male,50,144,63,7,111,Gold
1890,Male,38,74,62,14,104,Platinum
1891,Female,52,31,100,7,101,Platinum
1892,Female,69,110,19,1,80,Gold
1893,Male,51,30,17,1,33,Platinum
1894,Male,58,60,69,4,176,Bronze
1895,Male,68,121,39,5,77,Bronze
1896,Male,64,102,82,5,137,Bronze
1897,Female,35,143,71,4,102,Bronze
1898,Male,28,133,81,8,53,Platinum
1899,Female,40,99,39,7,142,Bronze
1900,Female,65,18,36,9,64,Platinum
1901,Female,39,85,40,7,167,Silver
1902,Male,34,125,45,10,38,Platinum
1903,Male,22,64,4,1,163,Bronze
1904,Male,61,109,25,13,163,Silver
1905,Male,28,106,69,14,46,Gold
1906,Female,47,79,30,7,124,Platinum
1907,Male,32,61,76,1,167,Bronze
1908,Male,44,120,68,7,12,Bronze
1909,Female,52,144,88,10,131,Bronze
1910,Male,50,120,29,8,52,Gold
1911,Female,37,38,73,11,16,Silver
1912,Female,33,18,68,9,134,Silver
1913,Female,51,122,51,12,58,Bronze
1914,Female,19,33,24,3,130,Platinum
1915,Female,52,54,14,4,82,Bronze
1916,Female,57,64,69,4,50,Bronze
1917,Female,45,89,18,12,115,Platinum
1918,Female,64,26,42,9,86,Bronze
1919,Male,56,41,57,13,136,Gold
1920,Male,23,127,83,7,100,Bronze
1921,Male,26,63,12,3,164,Gold
1922,Male,37,144,82,10,17,Bronze
1923,Female,18,74,17,5,41,Silver
1924,Male,25,44,30,7,73,Platinum
1925,Female,40,98,88,8,147,Silver
1926,Male,20,42,75,1,22,Bronze
1927,Male,21,39,99,12,102,Bronze
1928,Male,42,110,23,2,172,Gold
1929,Female,64,139,81,7,70,Bronze
1930,Male,55,24,1,11,17,Bronze
1931,Female,32,56,79,13,38,Bronze
1932,Female,38,54,32,14,104,Silver
1933,Male,52,91,9,13,50,Gold
1934,Male,63,119,15,2,167,Silver
1935,Male,69,132,28,7,158,Gold
1936,Female,31,56,24,9,20,Silver
1937,Male,53,61,60,11,11,Bronze
1938,Female,29,36,35,2,178,Silver
1939,Female,34,121,86,7,140,Silver
1940,Male,56,41,27,4,89,Gold
1941,Male,26,55,83,11,96,Gold
1942,Female,52,94,76,13,162,Silver
1943,Female,30,103,20,2,167,Gold
1944,Female,32,80,65,13,115,Gold
1945,Male,35,26,85,7,148,Gold
1946,Female,68,87,49,13,26,Platinum
1947,Male,50,90,1,5,163,Gold
1948,Female,23,104,10,1,32,Platinum
1949,Female,44,24,47,5,57,Platinum
1950,Male,40,110,59,12,29,Gold
1951,Female,44,34,96,12,11,Silver
1952,Male,51,53,62,3,97,Gold
1953,Male,63,74,86,7,40,Bronze
1954,Female,55,80,18,6,164,Silver
1955,Male,31,79,46,8,139,Platinum
1956,Male,53,138,32,13,87,Platinum
1957,Female,25,144,27,5,13,Silver
1958,Male,52,71,92,2,150,Silver
1959,Male,36,92,18,9,172,Gold
1960,Male,47,43,39,14,137,Platinum
1961,Female,31,29,49,11,143,Bronze
1962,Male,37,26,93,8,40,Gold
1963,Female,66,115,82,6,147,Silver
1964,Female,42,98,44,13,30,Platinum
1965,Male,57,139,72,10,32,Silver
1966,Male,41,117,54,7,140,Silver
1967,Male,31,38,95,9,169,Silver
1968,Female,43,124,34,7,157,Gold
1969,Male,55,92,71,3,38,Bronze
1970,Male,40,115,36,6,114,Bronze
1971,Male,39,142,18,11,61,Platinum
1972,Male,65,72,38,13,124,Silver
1973,Male,36,90,59,11,171,Bronze
1974,Female,63,50,9,7,110,Silver
1975,Female,68,36,73,2,93,Platinum
1976,Male,20,141,72,3,70,Silver
1977,Male,59,94,51,4,134,Bronze
1978,Male,36,114,35,10,80,Silver
1979,Male,26,110,82,6,79,Bronze
1980,Female,45,32,5,1,148,Platinum
1981,Male,37,52,14,9,117,Silver
1982,Female,62,123,92,5,30,Bronze
1983,Female,24,137,30,13,140,Platinum
1984,Male,31,118,4,12,91,Silver
1985,Female,26,95,39,14,97,Platinum
1986,Female,36,101,84,7,120,Bronze
1987,Female,64,75,64,9,19,Silver
1988,Female,69,60,25,9,164,Silver
1989,Male,31,46,28,1,21,Silver
1990,Male,55,29,76,1,16,Platinum
1991,Female,53,58,66,3,154,Platinum
1992,Male,57,68,78,6,123,Bronze
1993,Male,34,58,22,2,35,Gold
1994,Male,47,112,31,10,24,Silver
1995,Male,26,19,23,12,42,Silver
1996,Male,50,123,48,11,71,Bronze
1997,Female,69,41,20,1,56,Silver
1998,Male,42,130,38,1,104,Platinum
1999,Male,31,101,55,13,44,Platinum
2000,Male,28,118,68,5,85,Silver
